source_file,batch_idx,group_idx,sample_idx,criteria,suggestion,summary
/home/silas/co-scientist-project/runs/2026/2/SDPO/28_recovery_A_warmstart_best214/train/training_logs.jsonl,215,13,2,The system allows for a user-defined parameter that influences the balance between System-1 and System-2 planning.,"Include a user-adjustable hybridization parameter (e.g., 0-1 weight) for System-1/System-2 balance.",Completely fails to meet this criterion due to lack of user configurability.
/home/silas/co-scientist-project/runs/2026/2/SDPO/28_recovery_A_warmstart_best214/train/training_logs.jsonl,215,13,2,The system is designed to handle long-horizon planning problems.,"Include long-horizon benchmarks (e.g., 100+ sub-goals) in evaluation.",Implied capability but lacks explicit long-horizon validation.
/home/silas/co-scientist-project/runs/2026/2/SDPO/28_recovery_A_warmstart_best214/train/training_logs.jsonl,215,13,2,The system is tested on diverse planning tasks to demonstrate its flexibility and effectiveness.,Include cross-domain generalization experiments.,Diverse testing but lacks analysis of domain-specific adaptability.
/home/silas/co-scientist-project/runs/2026/2/SDPO/28_recovery_A_warmstart_best214/train/training_logs.jsonl,215,24,6,Item 5: The framework should involve transforming the analysis process into judging a series of checklist questions.,Introduce checklist generation and scoring as part of the framework.,Completely unaddressed. No checklist mechanism or transformation of analysis into structured questions.
/home/silas/co-scientist-project/runs/2026/2/SDPO/28_recovery_A_warmstart_best214/train/training_logs.jsonl,215,24,6,Item 6: The checklist items should be designed to reduce uncertainty and bias.,Integrate checklist-based evaluation with uncertainty-aware scoring.,Not addressed. No checklist design or explanation of their role in reducing uncertainty/bias.
/home/silas/co-scientist-project/runs/2026/2/SDPO/28_recovery_A_warmstart_best214/train/training_logs.jsonl,215,24,6,Item 7: The analysis should consider the impact of positional bias on the evaluation process.,"Add positional bias analysis (e.g., input position perturbations) and mitigation strategies.",Completely overlooked. No consideration of positional bias in the analysis or framework.
/home/silas/co-scientist-project/runs/2026/2/SDPO/28_recovery_A_warmstart_best214/train/training_logs.jsonl,215,24,6,Item 8: The framework should provide a clear and interpretable evaluation process.,Include visualization or explanation of how uncertainty scores and ensembles contribute to final judgments.,Partially satisfies desiderata. Framework is detailed but lacks explicit focus on interpretability.
/home/silas/co-scientist-project/runs/2026/2/SDPO/28_recovery_A_warmstart_best214/train/training_logs.jsonl,215,24,6,Item 9: The analysis should involve comparing different lightweight LLMs to identify their strengths and weaknesses.,Provide a detailed comparison of LLaMA-7B and LLaMA-13B's performance across metrics and tasks.,Partially satisfies desiderata. Comparison is made but lacks explicit analysis of strengths/weaknesses.
/home/silas/co-scientist-project/runs/2026/2/SDPO/28_recovery_A_warmstart_best214/train/training_logs.jsonl,215,24,6,Item 10: The framework should be tested on a variety of benchmark datasets to validate its effectiveness.,Include MT-BENCH and WILDBENCH to align with the research scenario.,"Partially satisfies desiderata. Diverse datasets are used, but specific scenario-relevant benchmarks are missing."
/home/silas/co-scientist-project/runs/2026/2/SDPO/28_recovery_A_warmstart_best214/train/training_logs.jsonl,216,3,4,The comparison is performed in a low-data regime to assess the effectiveness of the representations.,Specify subsampling strategies and report metrics on small datasets.,Weakly satisfies criteria. Low-data regime is not clearly defined or implemented.
/home/silas/co-scientist-project/runs/2026/2/SDPO/28_recovery_A_warmstart_best214/train/training_logs.jsonl,216,3,4,The encoded text-based representations are used in the CRL model's transition dynamics.,Add a section explaining how text embeddings are used in the transition model or policy network.,Partially satisfies criteria. Integration into transition dynamics is implied but not explicitly detailed.
/home/silas/co-scientist-project/runs/2026/2/SDPO/28_recovery_A_warmstart_best214/train/training_logs.jsonl,216,3,4,The method is designed to be robust to variations in the natural language descriptions.,Include ablation studies on paraphrased actions or noisy text inputs.,Partially satisfies criteria. Robustness is mentioned but not rigorously tested or quantified.
/home/silas/co-scientist-project/runs/2026/2/SDPO/28_recovery_A_warmstart_best214/train/training_logs.jsonl,218,18,0,The metric is designed to handle images with multiple objects of varying classes and sizes.,"Include scale normalization (e.g., perimeter/√area) for boundary complexity.","Partially satisfied. While OD/CD address multiple objects/classes, scale invariance is not explicitly addressed, weakening desiderata 1 and 3."
/home/silas/co-scientist-project/runs/2026/2/SDPO/28_recovery_A_warmstart_best214/train/training_logs.jsonl,218,18,0,The metric is sensitive to the boundary intricacy of the instance's shape.,"Include ablation studies comparing BC to other boundary metrics (e.g., fractal dimension).","Partially satisfied. While BC theoretically captures intricacy, the plan lacks empirical validation of sensitivity and alternative measure comparisons."
/home/silas/co-scientist-project/runs/2026/2/SDPO/28_recovery_A_warmstart_best214/train/training_logs.jsonl,218,18,0,The metric is designed to alleviate issues related to limited generalizability caused by model biases.,Include cross-dataset validation in the evaluation section.,"Partially satisfied. While model-independence reduces bias, the plan lacks explicit discussion of generalizability across datasets."
/home/silas/co-scientist-project/runs/2026/2/SDPO/28_recovery_A_warmstart_best214/train/training_logs.jsonl,222,21,3,The approach should consider both numerical and categorical features.,"Include specific methods for categorical feature variance calculation (e.g., one-hot encoding, embedding aggregation).",Partial satisfaction due to missing categorical feature handling details. Needs explicit methodology for mixed data types.
/home/silas/co-scientist-project/runs/2026/2/SDPO/28_recovery_A_warmstart_best214/train/training_logs.jsonl,222,21,3,The method should be able to handle large datasets.,Include methods for distributed computation or efficient variance estimation for large-scale data.,Partial satisfaction due to missing explicit large dataset handling strategies. Hardware details alone are insufficient.
/home/silas/co-scientist-project/runs/2026/2/SDPO/28_recovery_A_warmstart_best214/train/training_logs.jsonl,222,52,7,The metrics should be grounded in a diverse set of copyrighted characters from various sources.,Include explicit diversity criteria and sample character lists.,Partially satisfies desiderata 1-3 and 5-7. Lacks detailed diversity criteria and specific examples of character sources.
/home/silas/co-scientist-project/runs/2026/2/SDPO/28_recovery_A_warmstart_best214/train/training_logs.jsonl,222,52,7,The framework must account for the trade-off between copyright protection and user satisfaction.,Provide methods for determining optimal alpha values and validate trade-offs with user studies.,Partially satisfies all desiderata. The trade-off mechanism is conceptually sound but lacks detailed implementation and validation.
/home/silas/co-scientist-project/runs/2026/2/SDPO/28_recovery_A_warmstart_best214/train/training_logs.jsonl,222,52,7,The framework should allow for the assessment of different mitigation strategies against copyright infringement.,"Integrate mitigation strategy evaluation into the framework, e.g., by comparing CAGE scores across strategies.",Partially satisfies all desiderata. The framework lacks explicit mechanisms for evaluating mitigation strategies.
